id,status,articleType,journalShort,journalFull,date,title,authors,keywords,abstract,citation
201,Working Paper,Manuscript,Working Paper,Working Paper,Latest,Operational Strategies for Low-Emission Inland Shipping,Suyang Wang,Inland shipping; Low-emission operations; Operational strategy.,Manuscript in progress.,
202,Working Paper,Manuscript,Working Paper,Working Paper,Latest,Governance and Bottlenecks in Inland Waterway Transport,Suyang Wang,Inland waterway transport; Governance; Bottlenecks.,Manuscript in progress.,
101,Under Review,Journal Article,Transp. Res. Part D,Transportation Research Part D: Transport and Environment,April 2026,From Ship to Supply Chain: Evidence on Inland Waterway Decarbonization in China,"Suyang Wang, Xuejun Feng*, Guangyu Huang, Lanqin Ma, Ruihua Wang, Kum Fai Yuen*, Min Wu*",Inland shipping; Carbon intensity; EEOI; Voyage organization; Regional supply chains; Decarbonization governance,,
102,Under Review,Journal Article,Int. J. Disaster Risk Reduct.,International Journal of Disaster Risk Reduction,April 2026,Risk-Informed and Disruption-Aware Rescue-Base Siting for Emergency Preparedness in Tidal Inland Waterways,"Mingchang Huang, Zhiyi Lei, Suyang Wang*, Guangyu Huang, Liangen Zeng*",AIS trajectories; hydrodynamic modelling; emergency preparedness; Disaster risk reduction; robust rescue-base siting; tidal inland waterways,,
103,Under Review,Journal Article,Transp. Res. Part D,Transportation Research Part D: Transport and Environment,April 2026,Collaborative Planning Framework for Heavy-Duty Truck Electrification: Corridor-Port Integrated Energy Systems,"Ruihua Wang, Xuejun Feng*, Suyang Wang, Kaixuan Tao, Kum Fai Yuen*, Min Wu*",Port integrated energy system; Green freight corridor; Heavy-duty truck electrification; Renewable energy; Two-stage distributionally robust optimisation; Battery swapping station,,
104,Under Review,Journal Article,Ocean Eng.,Ocean Engineering,July 2026,Multi-Base Collaborative Fleet Scheduling for Maritime Oil Spill Response Considering Heterogeneous Fleets and Dynamic Offshore Replenishment,"Kaixuan Tao, Xuejun Feng*, Zhu Wang*, Suyang Wang, Ruihua Wang, Jichen Zhang, Yan Zhang*",Maritime oil spill response; Fleet scheduling; Heterogeneous fleets; Offshore replenishment; Multi-base collaboration,,
1,Published,Journal Article,Transp. Lett.,Transportation Letters: The International Journal of Transportation Research,January 2026,A Study on Dynamic Scheduling of AGV in ACTs with Consideration of Battery Constraints,"Ruihua Wang, Xuejun Feng*, Suyang Wang, Ran Yan",Automated container terminal; AGV; scheduling; wireless charging; charging strategy; dual-engine decision-making.,"Automated guided vehicles (AGVs) have significantly improved automation and efficiency in automated container terminals (ACTs). As AGVs rely on electric power, their operational range directly influences their overall performance, making effective battery management essential. This study introduces the first application of wireless AGV charging at ports, developing a hybrid AGV charging system. A dual-engine mechanism is proposed: a rule engine formulates task assignment strategies, while a learning engine employing a hybrid metaheuristic-based algorithm optimizes routing. Integrating real-time battery status into scheduling achieves dynamic coordination between task allocation and path planning. Results show wireless charging reduces centralized charging events and shortens AGV idle time by 7.21%. Combined with optimized scheduling, terminal efficiency further improves, reducing operational time by an additional 10.31%. Optimal performance occurs at a 16% charging threshold, balancing charging frequency, equipment lifespan, and scheduling stability. These findings support effective decision-making for AGV energy strategies in ACTs.","Wang, Ruihua, Feng, Xuejun, Wang, Suyang, & Yan, Ran. (2026). A study on dynamic scheduling of AGV in ACTs with consideration of battery constraints. Transportation Letters: The International Journal of Transportation Research. Advance online publication. https://doi.org/10.1080/19427867.2026.2613148"
301,Thesis,Private Full-Text,Master Thesis,Master Thesis · Advisor: Prof. Xuejun Feng,May 2025,Study on Ship Speed Optimization for Emission Reduction in Tidal River Reaches Based on FHOC,Suyang Wang,Ship speed optimization; emission reduction; tidal river reaches; FHOC.,"Master thesis for Suyang Wang, advised by Prof. Xuejun Feng. The thesis was awarded an ""Excellent"" grade.","Wang, Suyang. (2025). Study on ship speed optimization for emission reduction in tidal river reaches based on FHOC [Master thesis, Hohai University]. Awarded an ""Excellent"" grade."
2,Published,Journal Article,J. Hohai Univ.,Journal of Hohai University (Natural Sciences),October 2025,A Review of Research on Ship Speed Optimization Driven by Multi-Source Environmental Information Fusion,"Suyang Wang, Xuejun Feng*, Lanqing Ma, Jinxing Shen, Zhonglian Jiang",Ship speed optimization; navigation environment; energy saving and emission reduction; multi-source information fusion; data-driven.,"Ship speed optimization is a key technical measure for reducing energy consumption and emissions, where considering the dynamic navigation environment is crucial for achieving precise optimization. This paper systematically reviews the research progress in this field from three perspectives: environmental impact mechanisms, information perception technologies, and optimization models and algorithms. The review shows that existing models have evolved from static planning to dynamic optimal control methods capable of handling time-varying environments. Meanwhile, data-driven techniques have been widely applied to environmental forecasting and energy consumption modeling, enhancing optimization accuracy and efficiency. Despite significant progress, challenges remain in the refined modeling of ship-environment coupling mechanisms, the robustness and efficiency of optimization algorithms, and multi-objective collaborative optimization. Future work should strengthen research on coupling mechanisms, develop intelligent algorithms that integrate machine learning with traditional methods, and expand the optimization scope from single ships to fleet collaboration to promote the continuous development and application of this technology.","Wang, Suyang, Feng, Xuejun, Ma, Lanqing, Shen, Jinxing, & Jiang, Zhonglian. (2025). A review of research on ship speed optimization driven by multi-source environmental information fusion. Journal of Hohai University (Natural Sciences). Advance online publication. https://link.cnki.net/urlid/32.1117.TV.20251010.1023.010"
3,Published,Journal Article,Case Stud. Transp. Policy,Case Studies on Transport Policy,December 2024,Game Theory-Based Shore Power Analysis: From the Perspective of Policy Makers,"Suyang Wang, Xuejun Feng*, Yiqiang Peng, Haipeng Wang, Yan Zhang",Game theory; shore power; waterway transport policy.,"With growing concerns about ship emissions in port areas, access to shore power for berthed ships has become a critical component of green shipping initiatives. However, conflicting stakeholder interests pose challenges to the construction and promotion of shore power infrastructure. This paper analyzes the behavioral strategies of governments, port operators, and shipping companies by developing game models for these actors under three different policy scenarios: government non-intervention, mandatory measures such as emission taxes, and government subsidies. To quantify the impact of ship emissions on these interactions, an exhaust emission calculation model for berthed ships is developed based on the STEAM2 model and a localized database of emission correction factors for inland areas. The container terminal at Nanjing Port Longtan Harbor is used as a case study, where ship exhaust emissions are monetized as a social cost, taking into account the socio-economic context of the region. The findings indicate that under scenarios of government non-intervention and emission taxes, equilibrium strategies do not achieve optimal socio-economic benefits for the government. In contrast, under a subsidy policy, a well-calibrated subsidy can align the interests of the government, port operators, and shipping companies to facilitate the implementation of shore power projects. This study provides valuable decision support for government policies related to shore power infrastructure.","Wang, Suyang, Feng, Xuejun, Peng, Yiqiang, Wang, Haipeng, & Zhang, Yan. (2025). Game theory-based shore power analysis: From the perspective of policy makers. Case Studies on Transport Policy, 19, 101341. https://doi.org/10.1016/j.cstp.2024.101341"
6,Published,Conference Paper,WTC,World Transport Convention (WTC): Shipping Route Optimization & Container Management Forum,June 2024,Study on Ship Speed Optimization in Tidal Reach,"Suyang Wang, Xuejun Feng, Weihua Gu, Yan Zhang, Ruihua Wang",Tidal reach; Ship speed optimization; Shipping route optimization; Container management.,"This conference paper studies ship speed optimization in tidal reaches, focusing on how tidal conditions affect route planning and vessel operating decisions.","Wang Suyang, Feng Xuejun, Gu Weihua, Zhang Yan, & Wang Ruihua. (2024). Study on ship speed optimization in tidal reach. World Transport Convention (WTC): Shipping Route Optimization & Container Management Forum."
7,Published,Journal Article,J. Waterway Harbor,Journal of Waterway and Harbor,February 2024,Study on Navigation Efficiency of Long-Distance Restricted Channel Based on Maritime Scheduling Rules,"Jianliang Huang, Xuejun Feng*, Suyang Wang, Cheng Zhang",Long-distance restricted waterway; maritime scheduling rules; simulation; channel navigation efficiency; berth utilization rate.,"According to mixed ship flow characteristics in specific time periods, optimizing maritime scheduling rules is a low-cost and efficient method to improve channel navigation efficiency. In this paper, the improvement of long-distance restricted channel navigation efficiency was taken as the research object, and the average waiting time (AWT), port service level (AWT/AST), berth utilization rate (ρ), and channel passage capacity (T) were taken as the indicators. Based on the AIS data of docking ships, the Arena port production operation simulation system was established to analyze the impact of maritime scheduling rules, such as first come, first served (FCFS), port efficiency priority (PEP), and comprehensive benefit priority (CBP), on navigation efficiency. Using the RSOT long-distance restricted channel as a case, the research findings based on AIS data from docking ships in 2021–2022 show that the impacts of FCFS and PEP rules are essentially the same. CBP rules can effectively reduce the average waiting time of most ship types while improving the port service level. Among them, the AWT of 100,000-ton crude oil ships is decreased by 62% at most, and the berth utilization rate of cargo ships is increased by 64%. When the current vessel arrival density flow is increased by 20%, high efficiency is still maintained, and the AWT and AWT/AST of refined oil ships are decreased by 62% at most. The berth utilization rates of cargo ship berths, crude oil berths, and oil product berths are increased by 67%, 28%, and 26%, respectively, and the T value can be increased by 14%. The research conclusions can provide a reference for optimizing maritime scheduling rules and improving navigation efficiency for this kind of long-distance restricted channel.","Huang, Jianliang, Feng, Xuejun, Wang, Suyang, & Zhang, Cheng. (2024). Study on navigation efficiency of long-distance restricted channel based on maritime scheduling rules. Journal of Waterway and Harbor, 45(1), 51–58, 130."
4,Published,Journal Article,J. Transp. Syst. Eng. & IT,Journal of Transportation Systems Engineering and Information Technology,June 2023,A Simulation-Based Research on the Location and Size of One-Way Channel Buffers for Large Marine Crude Oil Terminals,"Xuejun Feng, Suyang Wang, Bo Xu, Yan Zhang, Jianliang Huang, Weihua Gu*",Waterway transportation; discrete-event system simulation; channel buffer; crude oil terminals.,"The critical bottleneck affecting a terminal’s oil throughput capacity is shifting from the limited number of berths to the channel connecting the berths to the anchorage area. This is especially true for the terminals with a one-way channel where large oil tankers can navigate through the channel only at high tides. Buffers can be installed at those terminals to significantly improve the one-way channel’s capacity. This paper examines the buffer’s location and size choices for a crude oil terminal with a one-way channel. A discrete-event simulator in-house was developed using Python to explicitly model the buffer’s location and size choices. The simulator accounts for a sufficient level of realism, including the tidal time windows for large tankers and the daytime operation constraints. Taking the Rizhao Shihua Oil Terminal of the Rizhao Port as the case study, this paper used the simulator to analyze the effects of various buffer locations and sizes on the port capacity and service level under two priority rules. They are the conventional “first come, first served” rule and a value priority rule that prioritizes the tankers with higher holding values. The results show that the value priority rule can improve the terminal’s capacity by up to 2.35% compared to the first come, first served rule. The capacity increases as the buffer moves from the anchorage side to the dockyard side of the channel, with improvement up to 7.56%. Moreover, a one-way channel accompanied with a dockyard-side buffer holding one tanker only can attain 91.54% of the capacity of a two-way channel, manifesting the great potential of buffers.","Feng, Xuejun, Wang, Suyang, Xu, Bo, Zhang, Yan, Huang, Jianliang, & Gu, Weihua. (2023). Simulation and study of location and size of one-way channel buffers for large marine crude oil terminals. Journal of Transportation Systems Engineering and Information Technology, 23(3), 253–264. https://doi.org/10.16097/j.cnki.1009-6744.2023.03.027"
302,Thesis,Private Full-Text,Bachelor Thesis,Bachelor Thesis · Advisor: Prof. Xuejun Feng,June 2022,Economic Study of LNG Terminal in Tidal Portion of Yangtze River Based on Simulation: Taking Dongsha Operation Area of Zhangjiagang Port District as an Example,Suyang Wang,LNG terminal; tidal river reach; simulation; port operation; economic analysis.,"Bachelor thesis for Suyang Wang, advised by Prof. Xuejun Feng. The thesis was awarded an ""Excellent"" grade and received the Honorary Title of Outstanding Undergraduate Thesis.","Wang, Suyang. (2022). Economic study of LNG terminal in tidal portion of Yangtze River based on simulation: Taking Dongsha Operation Area of Zhangjiagang Port District as an example [Bachelor thesis, Hohai University]. Awarded an ""Excellent"" grade and the Honorary Title of Outstanding Undergraduate Thesis."
5,Published,Journal Article,Marit. Policy Manag.,Maritime Policy & Management,December 2021,Spatial Evolution Model of Port Group Hinterland from the Perspective of Intermodal Transport,"Guangyu Huang, Xuejun Feng*, Mili Chen, Liupeng Jiang, Haipeng Wang, Suyang Wang",Port hinterland; intermodal transport; GIS; African ports.,"The rapid development of the intermodal system has led to the intensification of the hinterland competition within the port group, and the spatial pattern of the hinterland has become discontinuous. Based on geographic information system technology, a spatial interaction model, in which the intermodal cost distance is computed by integrating the raster analysis method and network method, is developed to facilitate the examination of the spatial evolution process of the port group intermodal hinterland. Considering the example of the Gulf of Guinea port group in West Africa, the spatial evolution process of its five ports is simulated in three scenarios. The results indicate that intermodal transport drives the hinterland’s discontinuous development, and the direction and layout of the intermodal corridors significantly impact the hinterland competition of the port group. In most cases, the intermodal corridors can help realize connected ports to enhance the hinterland’s competitive advantage within the port group. However, adjacent ports may also benefit from this aspect under certain conditions, which implies the importance of port cooperation in planning collection and distribution corridors. The model and findings can theoretically support the decision-making of port investors and operators.","Huang, Guangyu, Feng, Xuejun, Chen, Mili, Jiang, Liupeng, Wang, Haipeng, & Wang, Suyang. (2021). Spatial evolution model of port group hinterland from the perspective of intermodal transport. Maritime Policy & Management. DOI: 10.1080/03088839.2021.2009134"
